,Product Name,Price Range,Min Order,Location,Time Selling
0,GH99125 Hot Sales Puff Sleeve Bodycon Midi Dress Solid Color Elegant Office Dresses Women Formal Work Career Dresses For Ladies,,Min. order: 1 piece,,
1,Square Collar Vintage Summer Dresses Women Casual Lady Dress Lace Dress,,Min. order: 100 pieces,,
2,wholesale summer european elegant formal modest casual long dresses,,Min. order: 1 piece,,
3,Elegant Casual Long Dresses Fashion Loose Fitting Flap Pocket Belted Women Shirt Dress Factory Wholesale High-quality Chiffon,,Min. order: 100 pieces,,
4,Custom High Quality Ladies Elegant Midi Long 100% Linen Dresses For Women,,Min. order: 50 pieces,,
5,Green Dimple OEM 2024 Spring Women Midi Dresses Casual Full Sleeve Floral Printed O-neck Woman Bohe Beach Party Dress,,Min. order: 50 pieces,,
6,Wholesale custom 2024 Summer Bohemian Pleated Chiffon ladies dresses Clothing bohemian dress,,Min. order: 2 pieces,,
7,Custom Wholesale 2024 OEM Ladies Sleeveless Summer Casual Elegant Halter Silk Maxi Dress For Women,,Min. order: 50 pieces,,
8,High quality dress fashion female floral floral print long sleeve V neck A word casual dress female chiffon dress wholesale,,Min. order: 1 piece,,
9,Holiday fashion Plus size women clothing elegant women casual dresses,,Min. order: 2 pieces,,
